VenueId,Entropy
13,1.4931568569324174
11,0.9643856189774724
12,0.7219280948873623
14,0.46438561897747244
